"","Var1","Freq"
"1","abandon",9
"2","abdomen",41
"3","abduct",22
"4","ability",11
"5","able",18
"6","abnormal",14
"7","above",43
"8","abstract",5
"9","absurd",5
"10","abundance",13
"11","abuse",86
"12","accelerate",86
"13","accept",227
"14","accomplish",18
"15","accomplished",11
"16","accordion",80
"17","account",32
"18","accumulate",9
"19","accumulative",22
"20","accurate",9
"21","accuse",7
"22","ace",7
"23","ache",288
"24","achieve",12
"25","achievement",12
"26","acid",7
"27","acoustic",58
"28","acquire",324
"29","acre",30
"30","acrobat",19
"31","act",10
"32","action",145
"33","active",46
"34","actor",55
"35","actress",47
"36","acute",11
"37","ad",19
"38","add",28
"39","addict",46
"40","addicting",7
"41","addiction",9
"42","addition",49
"43","adjective",4
"44","adjourn",15
"45","adjustment",38
"46","admission",4
"47","admit",236
"48","adolescence",18
"49","adolescent",22
"50","adorable",8
"51","adults",28
"52","advance",12
"53","adventure",9
"54","adventurous",5
"55","adverb",74
"56","adversary",2
"57","advertisement",4
"58","advice",41
"59","advise",241
"60","affair",3
"61","affirm",2
"62","africa",69
"63","after",8
"64","again",20
"65","against",20
"66","age",51
"67","ageless",14
"68","agency",11
"69","agenda",1
"70","agree",26
"71","agreement",13
"72","agriculture",84
"73","ahead",4
"74","ahoy",3
"75","aim",16
"76","air",34
"77","aircraft",42
"78","airplane",480
"79","airport",46
"80","airshaft",10
"81","alarm",135
"82","album",21
"83","alcohol",25
"84","alert",10
"85","algae",98
"86","alike",14
"87","alive",138
"88","alkaline",19
"89","all",6
"90","allegiance",3
"91","allergy",22
"92","alligator",290
"93","allow",6
"94","almanac",2
"95","alone",5
"96","alphabet",30
"97","alright",30
"98","alter",12
"99","alto",36
"100","aluminum",37
"101","always",10
"102","am",6
"103","amateur",5
"104","amaze",1
"105","ambidextrous",24
"106","ambition",23
"107","amble",57
"108","ambulance",175
"109","america",18
"110","american",84
"111","amount",8
"112","amp",74
"113","amuse",21
"114","analysis",6
"115","anarchy",18
"116","ancestor",25
"117","anchor",123
"118","ancient",5
"119","angel",88
"120","anger",46
"121","angle",15
"122","angry",42
"123","animal",88
"124","anisette",23
"125","ankle",256
"126","annihilate",24
"127","announce",62
"128","annoy",14
"129","annoying",69
"130","annual",11
"131","annually",7
"132","another",26
"133","answer",23
"134","ant",125
"135","anteater",188
"136","antelope",67
"137","antidote",5
"138","antique",8
"139","antler",75
"140","antlers",65
"141","anxiety",11
"142","anxious",2
"143","apart",25
"144","apartment",80
"145","apathetic",7
"146","apathy",41
"147","ape",148
"148","apology",14
"149","appeal",11
"150","appear",33
"151","appearance",106
"152","appendage",75
"153","apple",312
"154","appliance",45
"155","application",7
"156","appraise",5
"157","approach",315
"158","approval",45
"159","approximation",4
"160","april",11
"161","apron",125
"162","arc",3
"163","architect",17
"164","area",31
"165","arena",152
"166","argue",268
"167","argument",50
"168","aright",8
"169","arm",349
"170","armor",60
"171","armour",165
"172","arms",311
"173","army",138
"174","aroma",39
"175","around",11
"176","arrival",305
"177","arrive",246
"178","arrogant",5
"179","arrow",40
"180","art",80
"181","artery",24
"182","artichoke",253
"183","artist",61
"184","arts",13
"185","ascend",216
"186","ascent",235
"187","ash",22
"188","ashamed",3
"189","ashes",21
"190","ashtray",107
"191","asia",12
"192","ask",251
"193","asleep",17
"194","asparagus",193
"195","asphalt",11
"196","aspirin",11
"197","ass",54
"198","assault",46
"199","assignment",21
"200","assistance",46
"201","assistant",88
"202","associate",69
"203","assume",13
"204","asteroid",12
"205","astrology",12
"206","astronaut",21
"207","asymmetrical",7
"208","athlete",52
"209","athletic",34
"210","atlas",3
"211","atom",26
"212","atomic",5
"213","attach",11
"214","attack",41
"215","attain",14
"216","attempt",6
"217","attend",16
"218","attendance",129
"219","attention",6
"220","attic",89
"221","attire",62
"222","attitude",146
"223","attorney",7
"224","attract",2
"225","attractive",30
"226","aunt",21
"227","australia",23
"228","author",34
"229","authority",64
"230","auto",28
"231","autumn",17
"232","avenue",9
"233","average",3
"234","avocado",155
"235","awake",19
"236","award",85
"237","aware",5
"238","awareness",19
"239","away",7
"240","awe",2
"241","awesome",3
"242","awful",27
"243","awkward",3
"244","ax",154
"245","axe",347
"246","axon",4
"247","baby",18
"248","back",39
"249","backbone",13
"250","background",2
"251","backpack",20
"252","backward",17
"253","bacon",60
"254","bacteria",8
"255","bad",6
"256","badge",4
"257","bag",180
"258","bagel",65
"259","baggage",8
"260","bagpipe",39
"261","bait",8
"262","bake",223
"263","baked",63
"264","baker",20
"265","balcony",34
"266","ball",80
"267","ballet",2
"268","balloon",180
"269","ballot",20
"270","ban",2
"271","banana",304
"272","band",40
"273","bandaid",9
"274","bandanna",80
"275","bandmaster",34
"276","banjo",52
"277","bank",109
"278","banker",116
"279","banner",131
"280","banquet",89
"281","bar",72
"282","barbarism",1
"283","barbecue",96
"284","bargain",41
"285","bark",122
"286","barley",33
"287","barn",186
"288","barrel",199
"289","barrier",12
"290","bartender",32
"291","base",2
"292","baseball",283
"293","basement",57
"294","bashful",4
"295","basic",4
"296","basket",94
"297","basketball",40
"298","bass",56
"299","bat",67
"300","bat_animal",192
"301","bat_baseball",114
"302","bath",45
"303","bathroom",186
"304","bathtub",121
"305","baton",134
"306","battalion",28
"307","battlefield",24
"308","bay",116
"309","bayonet",74
"310","bazooka",106
"311","be",6
"312","beach",26
"313","bead",47
"314","beak",277
"315","beam",23
"316","bean",374
"317","beans",169
"318","bear",416
"319","beard",53
"320","beast",73
"321","beat",10
"322","beautician",58
"323","beautiful",11
"324","beauty",12
"325","beaver",239
"326","because",7
"327","become",11
"328","bed",53
"329","bedroom",58
"330","bedrooms",41
"331","bee",80
"332","beef",31
"333","beehive",23
"334","been",7
"335","beer",18
"336","beetle",185
"337","beets",110
"338","before",9
"339","beg",93
"340","beggar",106
"341","begin",16
"342","beginner",14
"343","beginning",15
"344","behavior",92
"345","behind",9
"346","being",43
"347","belief",91
"348","believe",6
"349","bell",81
"350","belly",13
"351","belong",14
"352","below",13
"353","belt",305
"354","bench",231
"355","bend",298
"356","beneath",13
"357","benefit",4
"358","bent",7
"359","best",11
"360","bet",5
"361","betray",10
"362","better",14
"363","beware",28
"364","beyond",9
"365","bias",7
"366","bible",15
"367","bicep",105
"368","bicycle",285
"369","big",58
"370","bike",151
"371","billboard",3
"372","billy",1
"373","bin_waste",189
"374","binder",38
"375","biology",40
"376","birch",76
"377","bird",107
"378","birds",66
"379","birth",39
"380","birthday",21
"381","biscuit",158
"382","bison",205
"383","bit",113
"384","bitch",42
"385","bite",135
"386","bitterness",49
"387","bizarre",13
"388","black",61
"389","blackbird",153
"390","blackboard",28
"391","blade",64
"392","blame",5
"393","blanket",60
"394","bleach",78
"395","bleed",300
"396","blend",285
"397","blender",106
"398","blends",25
"399","bless",11
"400","blinds",26
"401","blink",305
"402","block",60
"403","blocks",65
"404","blonde",78
"405","blood",41
"406","bloom",61
"407","blot",6
"408","blouse",222
"409","blow",26
"410","blubber",12
"411","blue",88
"412","blueberry",142
"413","bluejay",118
"414","blues",7
"415","bluff",6
"416","blunt",29
"417","blur",10
"418","blush",16
"419","board",74
"420","board_black",47
"421","board_wood",138
"422","boat",304
"423","body",86
"424","bog",26
"425","boil",176
"426","boiled",51
"427","bold",12
"428","bologna",17
"429","bolt",62
"430","bolts",121
"431","bomb",321
"432","bombardment",177
"433","bondage",28
"434","bone",34
"435","bonehead",21
"436","book",307
"437","bookbag",52
"438","bookcase",146
"439","boot",45
"440","booth",21
"441","boots",154
"442","booze",34
"443","border",7
"444","bore",2
"445","bored",4
"446","boring",27
"447","borrow",275
"448","boss",24
"449","bother",11
"450","bottle",64
"451","bottom",24
"452","bouillon",3
"453","boulevard",3
"454","bounce",287
"455","bound",12
"456","boundary",3
"457","bounty",26
"458","bouquet",29
"459","bow",56
"460","bow_ribbon",94
"461","bow_weapon",120
"462","bowels",64
"463","bowl",161
"464","bowling",37
"465","box",316
"466","boxer",29
"467","boxing",63
"468","boy",26
"469","boyfriend",75
"470","boys",15
"471","bra",105
"472","bracelet",111
"473","braces",29
"474","brain",57
"475","brake",49
"476","branch",119
"477","brand",10
"478","brandy",15
"479","brat",14
"480","bravado",6
"481","brave",8
"482","bravery",14
"483","bread",132
"484","break",235
"485","breakable",17
"486","breakfast",5
"487","breast",20
"488","breath",25
"489","breathe",268
"490","breed",34
"491","breeze",10
"492","breezeway",32
"493","brick",66
"494","bride",75
"495","bridge",329
"496","brigade",83
"497","bright",33
"498","brilliant",12
"499","bring",60
"500","bristle",46
"501","britain",52
"502","britannica",6
"503","brittle",7
"504","broad",56
"505","broccoli",135
"506","broil",80
"507","broken",30
"508","bronco",72
"509","brook",37
"510","broom",352
"511","brother",31
"512","brothers",16
"513","brown",36
"514","browse",5
"515","bruise",83
"516","brunette",82
"517","brush",400
"518","bubble",66
"519","buck",2
"520","bucket",153
"521","buckle",100
"522","bud",56
"523","budget",23
"524","budgie",183
"525","buffalo",413
"526","bug",74
"527","buggy",154
"528","bugle",54
"529","build",286
"530","builder",107
"531","building",128
"532","bull",151
"533","bullet",114
"534","bulletin",27
"535","bullock",4
"536","bully",32
"537","bum",16
"538","bump",273
"539","bumps",2
"540","bumpy",9
"541","bungalow",27
"542","buoy",161
"543","burden",8
"544","bureau",90
"545","burglar",11
"546","burglary",14
"547","burial",33
"548","burlesque",11
"549","burn",254
"550","burned",111
"551","burnt",35
"552","burp",300
"553","burst",12
"554","bury",58
"555","bus",320
"556","bush",43
"557","business",168
"558","busy",53
"559","butter",117
"560","butterfly",101
"561","button",197
"562","buy",189
"563","buyer",91
"564","buzz",58
"565","buzzard",124
"566","cab",150
"567","cabbage",227
"568","cabin",71
"569","cabinet",95
"570","caboose",8
"571","cactus",158
"572","cafe",207
"573","caffeine",10
"574","cage",181
"575","cake",76
"576","calculate",20
"577","calculator",32
"578","calendar",62
"579","calf",229
"580","call",276
"581","calm",11
"582","calories",7
"583","camel",343
"584","camera",3
"585","camisole",90
"586","camp",207
"587","camping",90
"588","can",8
"589","can't",7
"590","canal",40
"591","canary",177
"592","cancel",6
"593","cancer",102
"594","candidate",41
"595","candle",48
"596","candy",180
"597","cane",65
"598","cannon",124
"599","canoe",134
"600","cans",24
"601","cantaloupe",124
"602","canvas",55
"603","canvass",14
"604","canyon",2
"605","cap",8
"606","cap_bottle",127
"607","cap_hat",80
"608","capability",32
"609","capacity",7
"610","cape",77
"611","caper",1
"612","captain",79
"613","caption",23
"614","captive",3
"615","capture",25
"616","car",267
"617","caravan",50
"618","carbon",16
"619","card",72
"620","card_greeting",31
"621","cardboard",20
"622","cardinal",12
"623","cards",22
"624","care",4
"625","career",88
"626","careful",21
"627","careless",3
"628","caress",17
"629","caribou",213
"630","caring",184
"631","carnival",32
"632","carpenter",116
"633","carpet",151
"634","carrot",226
"635","carrots",43
"636","carry",298
"637","cars",255
"638","cart",125
"639","carton",19
"640","case",101
"641","cash",69
"642","cashew",160
"643","castle",67
"644","casual",14
"645","cat",264
"646","catapult",97
"647","catastrophe",9
"648","catch",10
"649","catcher",72
"650","caterpillar",238
"651","catfish",72
"652","cathedral",39
"653","catholic",28
"654","cats",75
"655","cattle",30
"656","cauliflower",184
"657","cause",6
"658","caution",18
"659","cautious",16
"660","cave",25
"661","cavern",11
"662","cavity",5
"663","cedar",118
"664","ceiling",136
"665","celebration",46
"666","celery",177
"667","cell",102
"668","cellar",31
"669","cello",86
"670","celsius",12
"671","cement",30
"672","cemetery",68
"673","center",26
"674","central",3
"675","cents",12
"676","century",28
"677","ceramics",18
"678","cereal",114
"679","ceremony",11
"680","certificate",11
"681","chain",144
"682","chair",347
"683","chairperson",33
"684","chalk",28
"685","chalkboard",24
"686","challenge",214
"687","chamber",23
"688","champagne",19
"689","champion",24
"690","chance",3
"691","chandelier",42
"692","change",4
"693","channel",4
"694","chaos",21
"695","chapel",4
"696","chapter",22
"697","character",32
"698","characteristic",3
"699","charcoal",93
"700","charge",11
"701","charm",36
"702","chart",1
"703","chase",252
"704","chat",282
"705","cheap",11
"706","cheat",5
"707","check",58
"708","checkers",46
"709","checking",12
"710","cheerful",23
"711","cheerleader",28
"712","cheese",150
"713","cheetah",161
"714","chef",108
"715","chemical",10
"716","chemist",41
"717","chemistry",21
"718","cherry",200
"719","chess",21
"720","chest",40
"721","chevron",12
"722","chew",304
"723","chickadee",164
"724","chicken",176
"725","chief",88
"726","child",47
"727","childish",39
"728","children",19
"729","chime",278
"730","chimp",253
"731","chimpanzee",175
"732","chin",207
"733","china",67
"734","chinese",42
"735","chip",257
"736","chipmunk",199
"737","chips",29
"738","chirp",272
"739","chisel",292
"740","chocolate",194
"741","choice",57
"742","choose",5
"743","chop",297
"744","chorus",59
"745","christ",23
"746","christian",42
"747","christmas",38
"748","chromium",46
"749","chromosomes",2
"750","chunk",88
"751","church",39
"752","cigar",82
"753","cigarette",52
"754","cinnamon",41
"755","circle",22
"756","circumstance",12
"757","circus",214
"758","citizen",42
"759","city",37
"760","claim",10
"761","claims",3
"762","clam",240
"763","clamp",75
"764","clang",270
"765","clarify",12
"766","clarinet",126
"767","clash",121
"768","class",110
"769","classless",1
"770","clatter",288
"771","claw",29
"772","clay",124
"773","clean",44
"774","cleaner",104
"775","cleaning",158
"776","clear",8
"777","clearance",4
"778","clench",23
"779","clerk",54
"780","clever",22
"781","click",55
"782","cliff",164
"783","climate",56
"784","climax",42
"785","climb",36
"786","clipper",34
"787","clippers",49
"788","cloak",62
"789","clock",45
"790","clockwise",9
"791","clog",9
"792","clorox",2
"793","close",14
"794","closed",35
"795","closet",41
"796","closing",53
"797","cloth",45
"798","clothes",269
"799","cloud",33
"800","cloudy",12
"801","clown",182
"802","club",91
"803","clue",16
"804","clumsy",8
"805","coach",51
"806","coal",8
"807","coast",46
"808","coat",292
"809","cob",11
"810","cobbler",29
"811","cobra",15
"812","cobweb",2
"813","cocaine",49
"814","cockroach",184
"815","cocky",5
"816","coconut",184
"817","cocoon",6
"818","cod",65
"819","code",7
"820","coffee",161
"821","coffin",80
"822","coin",124
"823","coincidence",3
"824","coke",81
"825","colander",75
"826","cold",14
"827","coleslaw",58
"828","collar",62
"829","collect",15
"830","college",33
"831","cologne",47
"832","colon",47
"833","colonel",38
"834","color",68
"835","colt",29
"836","column",39
"837","comb",239
"838","combination",30
"839","combine",34
"840","come",256
"841","comedian",32
"842","comedy",23
"843","comet",43
"844","comfortable",11
"845","comma",3
"846","command",204
"847","commander",37
"848","comment",2
"849","committee",41
"850","common",8
"851","communication",35
"852","communism",7
"853","communist",43
"854","community",135
"855","compact",29
"856","companion",114
"857","company",77
"858","compass",11
"859","compassion",29
"860","compassionate",26
"861","competence",16
"862","competition",29
"863","complain",6
"864","complete",12
"865","complex",35
"866","complicated",18
"867","compliment",44
"868","component",20
"869","components",18
"870","compose",11
"871","compound",29
"872","compulsion",58
"873","compute",8
"874","computer",3
"875","con",12
"876","conceited",6
"877","concentrate",3
"878","concept",13
"879","concern",12
"880","concert",102
"881","conclude",20
"882","conclusion",15
"883","concrete",22
"884","condemn",2
"885","condition",2
"886","conditioner",29
"887","condom",8
"888","cone",27
"889","conference",47
"890","confess",9
"891","confidence",24
"892","conflict",56
"893","confuse",13
"894","confusion",10
"895","congress",95
"896","connect",29
"897","conquer",16
"898","conquest",7
"899","conscience",27
"900","conscious",9
"901","consequence",8
"902","conservative",1
"903","constant",3
"904","constitution",34
"905","construct",207
"906","construction",272
"907","consume",125
"908","contacts",93
"909","container",38
"910","contemporary",10
"911","content",19
"912","contest",54
"913","context",4
"914","continent",58
"915","contract",74
"916","contractor",66
"917","control",6
"918","controls",2
"919","convent",83
"920","conversation",139
"921","convict",29
"922","convince",9
"923","cook",275
"924","cookbook",46
"925","cooked",112
"926","cool",52
"927","cooler",46
"928","cop",33
"929","copier",12
"930","copper",63
"931","copy",13
"932","coral",113
"933","cord",29
"934","core",8
"935","cork",26
"936","corkscrew",147
"937","corn",200
"938","cornbeef",174
"939","corporal",23
"940","corporation",138
"941","corpse",107
"942","correct",8
"943","corridor",19
"944","cortical",9
"945","costume",57
"946","cottage",66
"947","cotton",112
"948","couch",462
"949","cougar",242
"950","cough",275
"951","country",10
"952","county",16
"953","couple",67
"954","courage",6
"955","courageous",3
"956","course",18
"957","court",79
"958","cousin",19
"959","cover",22
"960","covered",4
"961","cow",263
"962","coward",18
"963","cowboy",32
"964","cowgirl",58
"965","coyote",139
"966","cozy",37
"967","crab",264
"968","crack",1
"969","cracker",1
"970","crackers",121
"971","crackle",267
"972","cradle",23
"973","craft",17
"974","crafts",21
"975","craggy",6
"976","cranberry",110
"977","crane",114
"978","crane_machine",123
"979","crash",286
"980","crater",21
"981","crave",30
"982","crawl",182
"983","crayola",28
"984","crayon",29
"985","crazy",13
"986","cream",17
"987","crease",13
"988","create",13
"989","creation",35
"990","creative",9
"991","creator",56
"992","creature",124
"993","credit",50
"994","creep",188
"995","crescent",14
"996","crevice",23
"997","crew",86
"998","cricket",30
"999","crime",44
"1000","criminal",70
"1001","crisis",26
"1002","crisp",5
"1003","criterion",2
"1004","critical",5
"1005","criticize",15
"1006","crochet",3
"1007","crocodile",267
"1008","crook",25
"1009","crooked",10
"1010","crops",51
"1011","cross",17
"1012","crossbow",47
"1013","crow",107
"1014","crowbar",267
"1015","crowd",91
"1016","crown",51
"1017","crude",2
"1018","cruel",5
"1019","crunch",11
"1020","crunchy",35
"1021","crush",12
"1022","crust",10
"1023","crutch",80
"1024","cry",266
"1025","crystal",13
"1026","cub",14
"1027","cucumber",175
"1028","cuddle",21
"1029","cue",32
"1030","cuff",8
"1031","cultural",56
"1032","culture",32
"1033","cup",132
"1034","cupboard",69
"1035","cups",52
"1036","cure",25
"1037","curiosity",23
"1038","curious",12
"1039","curse",4
"1040","cursive",16
"1041","curtain",214
"1042","curtains",100
"1043","curve",19
"1044","curved",14
"1045","cushion",139
"1046","cuss",22
"1047","custard",14
"1048","customer",106
"1049","cut",258
"1050","cute",6
"1051","cutthroat",21
"1052","cyclone",12
"1053","cylinder",14
"1054","dad",38
"1055","dagger",293
"1056","daily",18
"1057","dairy",27
"1058","dam",9
"1059","damage",35
"1060","damn",3
"1061","damsel",21
"1062","dance",67
"1063","dancer",39
"1064","dandelion",63
"1065","dandruff",37
"1066","danger",2
"1067","dangerous",6
"1068","daring",4
"1069","dark",114
"1070","darkness",27
"1071","dart",135
"1072","data",14
"1073","date",26
"1074","daughter",35
"1075","dawn",11
"1076","day",75
"1077","days",28
"1078","daytime",57
"1079","dead",23
"1080","deadly",33
"1081","deaf",50
"1082","deal",8
"1083","dealer",21
"1084","death",6
"1085","debate",3
"1086","decay",10
"1087","deceit",21
"1088","decency",12
"1089","deception",9
"1090","decide",11
"1091","decision",7
"1092","decompose",13
"1093","decoration",9
"1094","decrease",32
"1095","deep",46
"1096","deer",223
"1097","defeat",8
"1098","defend",17
"1099","defense",15
"1100","define",8
"1101","definition",10
"1102","definitive",1
"1103","defrost",50
"1104","degrade",12
"1105","degree",11
"1106","delicate",12
"1107","delicious",103
"1108","delight",19
"1109","delinquent",40
"1110","deliver",141
"1111","demand",253
"1112","demi",17
"1113","democracy",17
"1114","democrat",7
"1115","demon",5
"1116","denial",3
"1117","dense",18
"1118","dent",4
"1119","deny",2
"1120","deodorant",49
"1121","department",55
"1122","depend",2
"1123","dependable",37
"1124","dependent",15
"1125","deposit",13
"1126","depth",12
"1127","deputy",62
"1128","descend",170
"1129","descent",187
"1130","desert",52
"1131","designer",24
"1132","desire",42
"1133","desk",165
"1134","dessert",22
"1135","destiny",10
"1136","destroy",242
"1137","destruction",186
"1138","detach",65
"1139","detail",8
"1140","detective",35
"1141","deteriorate",42
"1142","determine",3
"1143","develop",13
"1144","development",15
"1145","devil",33
"1146","dew",40
"1147","diagram",9
"1148","dial",4
"1149","diameter",14
"1150","diamond",25
"1151","diary",36
"1152","dice",15
"1153","dictate",11
"1154","dictator",23
"1155","dictionary",26
"1156","die",253
"1157","differ",6
"1158","difference",9
"1159","different",15
"1160","difficult",9
"1161","difficulty",8
"1162","dig",20
"1163","digger",11
"1164","digit",18
"1165","dignity",10
"1166","dilemma",2
"1167","diligence",23
"1168","dill",22
"1169","dim",49
"1170","dime",67
"1171","diminish",9
"1172","dine",103
"1173","diner",172
"1174","dinner",99
"1175","dinosaur",80
"1176","dip",1
"1177","diploma",15
"1178","direct",9
"1179","direction",11
"1180","directions",5
"1181","dirt",83
"1182","dirty",27
"1183","disagree",25
"1184","disagreement",41
"1185","disallow",4
"1186","disappear",13
"1187","disaster",6
"1188","disbelief",10
"1189","disbelieve",9
"1190","disc",105
"1191","disciple",13
"1192","discipline",3
"1193","discomfort",20
"1194","discourage",3
"1195","discovery",8
"1196","discreet",9
"1197","disease",5
"1198","disgrace",10
"1199","disguise",46
"1200","disgusting",46
"1201","dish",173
"1202","dishes",463
"1203","dishonest",17
"1204","dishwasher",95
"1205","disintegrate",19
"1206","dislike",5
"1207","disorder",2
"1208","disown",14
"1209","disperse",2
"1210","display",39
"1211","disregard",6
"1212","dissimilar",9
"1213","dissolve",39
"1214","distance",14
"1215","distinct",3
"1216","disturb",28
"1217","ditch",32
"1218","dither",8
"1219","dive",220
"1220","divide",17
"1221","division",18
"1222","do",43
"1223","doctor",53
"1224","doe",51
"1225","dog",237
"1226","doll",120
"1227","dollar",10
"1228","dollars",9
"1229","dolphin",266
"1230","domain",26
"1231","dominant",20
"1232","dominate",17
"1233","don't",26
"1234","donate",215
"1235","donation",200
"1236","done",16
"1237","donkey",229
"1238","door",293
"1239","doorbell",72
"1240","doorknob",249
"1241","doorway",28
"1242","dots",63
"1243","doubt",8
"1244","dough",7
"1245","doughnut",6
"1246","dove",55
"1247","down",64
"1248","downstairs",9
"1249","downtown",53
"1250","dozen",12
"1251","dracula",3
"1252","drag",222
"1253","dragon",62
"1254","drain",71
"1255","drapes",116
"1256","draw",228
"1257","drawing",7
"1258","dream",9
"1259","dress",235
"1260","dresser",93
"1261","dressing",75
"1262","drill",293
"1263","drink",204
"1264","drip",54
"1265","drive",222
"1266","driver",71
"1267","driveway",55
"1268","driving",21
"1269","drool",224
"1270","drop",210
"1271","drown",24
"1272","drowsy",9
"1273","drug",4
"1274","drugs",9
"1275","drum",130
"1276","drunk",17
"1277","dry",23
"1278","duck",259
"1279","ducks",206
"1280","due",8
"1281","dull",8
"1282","dumb",13
"1283","dump",25
"1284","dunebuggy",102
"1285","dunk",1
"1286","duplicate",6
"1287","dusk",18
"1288","dust",17
"1289","dustpan",187
"1290","duty",15
"1291","dynamite",3
"1292","dynasty",6
"1293","eager",4
"1294","eagle",110
"1295","ear",215
"1296","early",19
"1297","earmuffs",130
"1298","earnestness",6
"1299","earring",25
"1300","earth",35
"1301","earthquake",20
"1302","east",5
"1303","easter",8
"1304","easy",7
"1305","eat",233
"1306","eavesdrop",23
"1307","economy",12
"1308","ecstasy",60
"1309","editor",18
"1310","education",33
"1311","eel",111
"1312","effect",5
"1313","effort",27
"1314","egg",35
"1315","eggplant",194
"1316","eggs",109
"1317","ego",47
"1318","egypt",9
"1319","eight",27
"1320","einstein",8
"1321","eject",187
"1322","elaborate",6
"1323","elbow",233
"1324","elect",3
"1325","electric",3
"1326","electrician",40
"1327","electricity",21
"1328","electron",6
"1329","elements",29
"1330","elephant",277
"1331","elevator",107
"1332","eleven",13
"1333","elf",88
"1334","elimination",26
"1335","elk",194
"1336","embarrass",15
"1337","emboss",3
"1338","embrace",16
"1339","emerald",33
"1340","emergency",12
"1341","emote",79
"1342","emotion",54
"1343","empathy",37
"1344","emperor",17
"1345","empire",22
"1346","employee",30
"1347","employer",96
"1348","employment",28
"1349","empty",214
"1350","emu",143
"1351","encourage",3
"1352","end",6
"1353","ending",41
"1354","endless",4
"1355","enemy",42
"1356","energetic",26
"1357","energy",18
"1358","engage",6
"1359","engine",47
"1360","england",29
"1361","english",20
"1362","enjoy",17
"1363","enlarge",52
"1364","enough",3
"1365","enrage",3
"1366","enter",180
"1367","entertain",62
"1368","entertainment",36
"1369","entrance",52
"1370","entry",153
"1371","envelope",40
"1372","environment",185
"1373","envy",12
"1374","equal",5
"1375","eraser",49
"1376","erect",45
"1377","erode",21
"1378","erupt",30
"1379","escalator",114
"1380","escape",219
"1381","escargot",94
"1382","essay",24
"1383","essence",2
"1384","esteem",31
"1385","estimate",2
"1386","ethics",11
"1387","etiquette",57
"1388","eureka",8
"1389","europe",6
"1390","evacuate",68
"1391","evaluate",4
"1392","even",15
"1393","evening",32
"1394","ever",7
"1395","everyday",23
"1396","evict",51
"1397","evidence",1
"1398","evil",5
"1399","ewe",13
"1400","exact",3
"1401","exam",16
"1402","example",30
"1403","excedrin",7
"1404","excel",6
"1405","excellent",13
"1406","exceptional",10
"1407","exchange",220
"1408","excise",119
"1409","excited",26
"1410","excuse",8
"1411","executive",4
"1412","exercise",157
"1413","exhale",22
"1414","exhort",4
"1415","exist",6
"1416","existence",8
"1417","exit",55
"1418","expense",21
"1419","expensive",17
"1420","experience",28
"1421","experiment",4
"1422","expert",42
"1423","explain",14
"1424","explanation",12
"1425","explode",20
"1426","explorer",17
"1427","explosion",70
"1428","express",27
"1429","expression",60
"1430","extension",21
"1431","extinct",65
"1432","extra",10
"1433","extravagant",4
"1434","extrovert",51
"1435","exultation",9
"1436","eye",229
"1437","eyeball",103
"1438","eyebrows",33
"1439","eyeliner",22
"1440","eyes",29
"1441","fable",4
"1442","fabric",47
"1443","face",180
"1444","facebook",50
"1445","facet",52
"1446","factor",4
"1447","factory",166
"1448","facts",12
"1449","faculty",68
"1450","fad",13
"1451","fade",16
"1452","fail",11
"1453","failure",4
"1454","faint",11
"1455","fair",13
"1456","fairy",21
"1457","fairytale",4
"1458","faith",13
"1459","faithful",15
"1460","fake",20
"1461","falcon",149
"1462","fall",353
"1463","fallacy",11
"1464","FALSE",14
"1465","fame",28
"1466","family",49
"1467","famine",14
"1468","famous",16
"1469","fan",18
"1470","fan_appliance",58
"1471","fancy",6
"1472","fangs",73
"1473","fantastic",4
"1474","fantasy",29
"1475","far",24
"1476","farm",21
"1477","farmer",183
"1478","fascism",7
"1479","fashion",90
"1480","fast",78
"1481","fasten",14
"1482","fat",51
"1483","father",19
"1484","faucet",68
"1485","fault",9
"1486","favorite",3
"1487","fawn",295
"1488","fbi",8
"1489","fear",50
"1490","feather",186
"1491","feature",2
"1492","federal",15
"1493","feeble",2
"1494","feed",183
"1495","feel",213
"1496","feeling",36
"1497","feet",15
"1498","feint",3
"1499","felt",88
"1500","female",39
"1501","fence",137
"1502","festival",9
"1503","feud",78
"1504","fever",20
"1505","few",17
"1506","fiance",11
"1507","fiber",41
"1508","fiction",5
"1509","field",21
"1510","fifty",5
"1511","fig",30
"1512","fight",11
"1513","fighter",29
"1514","figure",10
"1515","file",220
"1516","fill",205
"1517","film",20
"1518","filthy",25
"1519","fin",88
"1520","final",8
"1521","finalize",12
"1522","financial",10
"1523","finch",102
"1524","find",151
"1525","finger",538
"1526","fingernail",56
"1527","fingers",23
"1528","finish",5
"1529","finished",5
"1530","fire",107
"1531","fireplace",69
"1532","first",17
"1533","fish",116
"1534","fishing",29
"1535","fist",35
"1536","fit",76
"1537","fitness",32
"1538","fitting",19
"1539","five",31
"1540","fix",211
"1541","flag",63
"1542","flake",34
"1543","flakes",172
"1544","flame",236
"1545","flamingo",170
"1546","flap",48
"1547","flash",73
"1548","flasher",20
"1549","flat",18
"1550","flea",166
"1551","fleet",10
"1552","flesh",157
"1553","flex",49
"1554","flexible",27
"1555","flick",34
"1556","flicker",189
"1557","fling",3
"1558","flip",7
"1559","flipper",81
"1560","flirt",9
"1561","float",18
"1562","flood",29
"1563","floor",140
"1564","floorshow",8
"1565","flop",50
"1566","florida",100
"1567","flour",40
"1568","flow",58
"1569","flower",85
"1570","flowers",40
"1571","flu",10
"1572","fluffy",106
"1573","fluid",57
"1574","flunk",1
"1575","flush",19
"1576","flute",228
"1577","fly",214
"1578","flying",62
"1579","foam",19
"1580","foe",5
"1581","fog",13
"1582","foggy",21
"1583","foil",28
"1584","fold",6
"1585","folder",22
"1586","follow",178
"1587","follower",55
"1588","folly",3
"1589","fond",37
"1590","food",96
"1591","fool",7
"1592","foolish",3
"1593","foot",64
"1594","football",92
"1595","for",9
"1596","forbidden",1
"1597","force",34
"1598","forceful",18
"1599","forehead",42
"1600","foreign",1
"1601","foresight",22
"1602","forest",209
"1603","forever",36
"1604","forget",5
"1605","forgive",2
"1606","fork",322
"1607","form",9
"1608","formal",3
"1609","formula",14
"1610","fort",13
"1611","fortune",25
"1612","forward",32
"1613","fossil",13
"1614","found",4
"1615","foundation",2
"1616","fountain",28
"1617","four",21
"1618","fox",213
"1619","fragile",13
"1620","fragrance",11
"1621","frail",16
"1622","frame",7
"1623","france",29
"1624","frankenstein",21
"1625","fraternity",5
"1626","fraud",29
"1627","fray",2
"1628","freak",13
"1629","freckle",59
"1630","freedom",6
"1631","freestyle",2
"1632","freeway",27
"1633","freeze",64
"1634","freezer",103
"1635","french",44
"1636","frequency",5
"1637","friar",15
"1638","friday",12
"1639","fridge",112
"1640","friend",62
"1641","friendliness",38
"1642","friends",2
"1643","friendship",55
"1644","fries",8
"1645","fright",17
"1646","frightened",14
"1647","frigid",19
"1648","frill",14
"1649","frisk",4
"1650","frog",180
"1651","front",17
"1652","frosted",32
"1653","frosting",21
"1654","frown",187
"1655","fruit",35
"1656","frustrate",18
"1657","frustration",25
"1658","fry",73
"1659","fudge",50
"1660","fuel",42
"1661","fugitive",41
"1662","full",4
"1663","fumes",8
"1664","fun",43
"1665","function",38
"1666","fund",28
"1667","fungi",40
"1668","fungus",209
"1669","funny",9
"1670","fur",135
"1671","furnish",16
"1672","furniture",133
"1673","furry",111
"1674","further",12
"1675","fury",31
"1676","fuss",5
"1677","future",60
"1678","gag",11
"1679","gain",5
"1680","gal",20
"1681","galaxy",15
"1682","gallon",17
"1683","gallop",70
"1684","gamble",21
"1685","game",28
"1686","gander",6
"1687","gang",49
"1688","gangster",42
"1689","garage",79
"1690","garbage",92
"1691","garden",64
"1692","garlic",202
"1693","gas",44
"1694","gate",153
"1695","gather",16
"1696","gathering",47
"1697","gauge",9
"1698","gavel",46
"1699","geek",14
"1700","geese",58
"1701","gene",1
"1702","general",8
"1703","generous",11
"1704","gentle",6
"1705","gentleman",24
"1706","genuine",7
"1707","geology",11
"1708","geometry",19
"1709","george",8
"1710","get",191
"1711","ghetto",10
"1712","ghost",10
"1713","ghoul",16
"1714","gift",31
"1715","giggle",9
"1716","gin",16
"1717","giraffe",190
"1718","girl",45
"1719","girlfriend",53
"1720","girls",22
"1721","give",189
"1722","giving",11
"1723","glad",20
"1724","glance",19
"1725","glands",38
"1726","glare",40
"1727","glass",58
"1728","glasses",25
"1729","glide",56
"1730","globe",37
"1731","glory",6
"1732","glove",77
"1733","gloves",102
"1734","glow",181
"1735","glue",53
"1736","go",126
"1737","goal",4
"1738","goat",226
"1739","goblet",7
"1740","god",45
"1741","going",138
"1742","gold",78
"1743","goldfish",200
"1744","gone",21
"1745","goo",16
"1746","good",7
"1747","goodbye",19
"1748","goodness",15
"1749","goose",147
"1750","gopher",123
"1751","gorgeous",18
"1752","gorilla",328
"1753","gourmet",2
"1754","government",55
"1755","governor",21
"1756","gown",56
"1757","grab",54
"1758","grace",2
"1759","graceful",23
"1760","grade",3
"1761","graduate",51
"1762","graduation",27
"1763","graft",4
"1764","grain",50
"1765","grammar",35
"1766","grand",29
"1767","grandma",18
"1768","grandpa",8
"1769","grandparents",8
"1770","grant",22
"1771","grape",129
"1772","grapefruit",117
"1773","graph",2
"1774","grasp",126
"1775","grass",87
"1776","grasshopper",153
"1777","grate",29
"1778","grater",149
"1779","gratuity",14
"1780","grave",6
"1781","gravel",31
"1782","gravity",32
"1783","gravy",58
"1784","gray",45
"1785","grease",12
"1786","great",20
"1787","greatest",5
"1788","greed",9
"1789","greek",21
"1790","green",80
"1791","greet",166
"1792","grenade",179
"1793","grief",37
"1794","grill",163
"1795","grin",196
"1796","grind",10
"1797","grip",43
"1798","grizzly",74
"1799","groceries",26
"1800","grocery",37
"1801","groom",18
"1802","gross",29
"1803","ground",30
"1804","groundhog",106
"1805","grounds",11
"1806","group",137
"1807","grove",58
"1808","grow",12
"1809","growl",194
"1810","grown",7
"1811","growth",46
"1812","guard",32
"1813","guardian",19
"1814","guess",18
"1815","guest",12
"1816","guilt",6
"1817","guilty",28
"1818","guitar",33
"1819","gull",85
"1820","gullible",2
"1821","gully",9
"1822","gulp",33
"1823","gum",75
"1824","gums",24
"1825","gun",205
"1826","guppy",92
"1827","guys",39
"1828","gym",34
"1829","gymnast",8
"1830","gymnastics",15
"1831","habit",157
"1832","hail",21
"1833","hair",171
"1834","haircut",16
"1835","hairspray",23
"1836","half",38
"1837","hall",30
"1838","halloween",4
"1839","hallway",5
"1840","halt",172
"1841","hamburger",44
"1842","hammer",330
"1843","hammock",30
"1844","hamster",185
"1845","hand",188
"1846","handbag",60
"1847","handcuffs",111
"1848","handicap",19
"1849","handkerchief",30
"1850","handle",35
"1851","handlebars",60
"1852","handrail",75
"1853","hands",105
"1854","handsome",16
"1855","handsomely",22
"1856","hanger",108
"1857","happening",13
"1858","happiness",62
"1859","happy",117
"1860","harbor",24
"1861","hard",6
"1862","hardy",7
"1863","hare",196
"1864","harley",3
"1865","harm",53
"1866","harmful",45
"1867","harmonica",75
"1868","harmony",42
"1869","harp",32
"1870","harpoon",72
"1871","harpsichord",41
"1872","harsh",1
"1873","harvest",17
"1874","hat",142
"1875","hatch",46
"1876","hatchet",161
"1877","hate",22
"1878","haul",45
"1879","haunt",37
"1880","have",15
"1881","havoc",2
"1882","hawaii",6
"1883","hawk",88
"1884","hay",210
"1885","haystack",12
"1886","haze",10
"1887","he",10
"1888","head",141
"1889","headache",37
"1890","headband",67
"1891","heading",6
"1892","heal",3
"1893","health",26
"1894","healthy",27
"1895","hear",130
"1896","hearing",19
"1897","heart",22
"1898","heartbroken",13
"1899","heat",70
"1900","heave",30
"1901","heaven",5
"1902","heavy",166
"1903","hedge",6
"1904","heel",22
"1905","height",12
"1906","heights",36
"1907","held",63
"1908","helicopter",180
"1909","helium",39
"1910","hell",63
"1911","hello",1
"1912","helmet",86
"1913","help",18
"1914","helper",26
"1915","hem",21
"1916","hemp",5
"1917","her",15
"1918","herb",107
"1919","herd",28
"1920","here",15
"1921","hero",9
"1922","heroin",4
"1923","heroine",13
"1924","hesitate",31
"1925","hiccup",198
"1926","hidden",16
"1927","hide",9
"1928","high",3
"1929","higher",12
"1930","highlight",3
"1931","highway",3
"1932","hike",113
"1933","hiker",18
"1934","hiking",59
"1935","hill",38
"1936","him",8
"1937","hindsight",36
"1938","hinge",115
"1939","hint",13
"1940","hip",51
"1941","hispanic",20
"1942","history",17
"1943","hit",195
"1944","hitch",6
"1945","hitchhike",49
"1946","hive",12
"1947","hobo",23
"1948","hoe",248
"1949","hog",121
"1950","hold",181
"1951","hole",53
"1952","holiday",22
"1953","holy",15
"1954","home",25
"1955","homeless",16
"1956","homework",36
"1957","honest",6
"1958","honesty",58
"1959","honey",42
"1960","honeydew",83
"1961","honeymoon",13
"1962","honor",7
"1963","hook",98
"1964","hoop",63
"1965","hoot",44
"1966","hop",173
"1967","hope",15
"1968","hopeless",16
"1969","horn",111
"1970","hornet",50
"1971","horrible",21
"1972","horse",239
"1973","hose",119
"1974","hose_leggings",81
"1975","hospital",56
"1976","host",37
"1977","hostage",29
"1978","hostess",21
"1979","hot",33
"1980","hotel",17
"1981","hotter",39
"1982","hound",117
"1983","hour",32
"1984","hours",43
"1985","house",193
"1986","housefly",161
"1987","how",14
"1988","hue",18
"1989","hug",91
"1990","huge",34
"1991","hula",2
"1992","hull",11
"1993","human",17
"1994","humiliate",10
"1995","hundred",5
"1996","hung",14
"1997","hunger",100
"1998","hungry",102
"1999","hunt",36
"2000","hunter",80
"2001","hurricane",59
"2002","hurry",69
"2003","hurt",50
"2004","husband",32
"2005","husk",17
"2006","husky",61
"2007","hustle",93
"2008","hut",75
"2009","huts",23
"2010","hydrogen",13
"2011","hyena",107
"2012","hygiene",19
"2013","hymn",13
"2014","hyper",57
"2015","hypnotize",2
"2016","hypothesis",5
"2017","ice",92
"2018","iceberg",77
"2019","id",5
"2020","idea",17
"2021","ideal",2
"2022","identical",6
"2023","identification",2
"2024","identity",14
"2025","idiot",8
"2026","idol",17
"2027","igloo",48
"2028","ignore",3
"2029","iguana",158
"2030","ill",14
"2031","illegal",10
"2032","illness",27
"2033","image",5
"2034","imagine",15
"2035","imitate",10
"2036","immature",28
"2037","immediate",3
"2038","immortal",5
"2039","impact",16
"2040","impatience",7
"2041","impediment",2
"2042","implode",1
"2043","important",2
"2044","impossible",6
"2045","impression",15
"2046","in",5
"2047","inability",3
"2048","incline",2
"2049","income",21
"2050","increase",16
"2051","incredulous",1
"2052","independent",3
"2053","indian",11
"2054","indication",7
"2055","indirect",7
"2056","indoor",19
"2057","indoors",26
"2058","industry",17
"2059","inertia",93
"2060","inexpensive",1
"2061","infection",9
"2062","inferior",5
"2063","inferno",17
"2064","inflation",24
"2065","influence",6
"2066","information",5
"2067","inhale",150
"2068","initial",4
"2069","inject",189
"2070","injection",2
"2071","inlet",57
"2072","inmate",16
"2073","inn",52
"2074","innocence",9
"2075","innocent",5
"2076","inquire",24
"2077","insane",13
"2078","insect",72
"2079","insecure",7
"2080","inside",8
"2081","insight",23
"2082","instance",14
"2083","instant",19
"2084","instinct",5
"2085","instruct",40
"2086","instructions",12
"2087","instrument",41
"2088","insult",47
"2089","insurance",36
"2090","intake",10
"2091","integrate",12
"2092","intensity",14
"2093","intent",21
"2094","interesting",1
"2095","interior",31
"2096","interlace",9
"2097","interrupt",15
"2098","interview",13
"2099","intestine",192
"2100","intoxicate",12
"2101","intoxicated",7
"2102","introduce",26
"2103","introvert",6
"2104","intuition",12
"2105","invalid",5
"2106","invent",9
"2107","inventor",42
"2108","investor",15
"2109","invite",134
"2110","iron",39
"2111","irregular",8
"2112","irritate",10
"2113","irritating",14
"2114","island",79
"2115","isolated",18
"2116","issue",2
"2117","it",35
"2118","italian",32
"2119","itch",187
"2120","item",48
"2121","ivory",18
"2122","ivy",65
"2123","jabber",6
"2124","jacket",55
"2125","jail",60
"2126","jane",33
"2127","japan",15
"2128","jar",46
"2129","jaw",36
"2130","jaws",58
"2131","jazz",39
"2132","jealousy",29
"2133","jeans",47
"2134","jeep",55
"2135","jello",56
"2136","jelly",150
"2137","jerk",17
"2138","jesus",11
"2139","jet",114
"2140","jewel",11
"2141","jewelry",20
"2142","jewish",3
"2143","jigsaw",23
"2144","job",27
"2145","jobless",20
"2146","jock",18
"2147","jog",176
"2148","jogger",46
"2149","join",16
"2150","joint",41
"2151","joke",12
"2152","joker",15
"2153","journal",27
"2154","journey",13
"2155","joyous",6
"2156","judge",15
"2157","juggler",128
"2158","juice",111
"2159","jump",107
"2160","jumpy",9
"2161","jungle",122
"2162","junior",22
"2163","junk",11
"2164","jury",29
"2165","just",9
"2166","justice",5
"2167","justify",7
"2168","juvenile",19
"2169","kangaroo",101
"2170","keep",14
"2171","keeper",17
"2172","ketchup",11
"2173","kettle",129
"2174","key",76
"2175","keyboard",21
"2176","keyboard_musical",33
"2177","keys",110
"2178","kick",175
"2179","kid",47
"2180","kidnap",51
"2181","kidney",66
"2182","kids",31
"2183","kill",140
"2184","killer",49
"2185","kilometer",11
"2186","kind",53
"2187","kinetic",131
"2188","king",10
"2189","kiss",16
"2190","kitchen",48
"2191","kite",64
"2192","kitten",50
"2193","kleenex",14
"2194","klutz",20
"2195","knapsack",8
"2196","knee",145
"2197","kneel",38
"2198","knees",45
"2199","knife",208
"2200","knight",2
"2201","knit",53
"2202","knitting",37
"2203","knock",169
"2204","knot",4
"2205","know",28
"2206","knowledge",13
"2207","known",12
"2208","lab",13
"2209","label",9
"2210","labyrinth",3
"2211","lace",66
"2212","ladder",102
"2213","ladle",146
"2214","lady",43
"2215","lagoon",55
"2216","lake",95
"2217","lamb",153
"2218","lamp",28
"2219","land",87
"2220","landscape",12
"2221","lane",20
"2222","language",38
"2223","lantern",93
"2224","lap",54
"2225","lapel",3
"2226","lapse",6
"2227","large",40
"2228","laser",7
"2229","lash",10
"2230","last",7
"2231","lasting",6
"2232","latch",21
"2233","late",12
"2234","later",12
"2235","latin",3
"2236","laugh",24
"2237","launch",5
"2238","laundry",49
"2239","lava",10
"2240","law",9
"2241","lawn",28
"2242","lawsuit",3
"2243","lawyer",103
"2244","lay",17
"2245","layer",17
"2246","lead",133
"2247","leader",34
"2248","leadership",42
"2249","leaf",90
"2250","league",39
"2251","leak",46
"2252","lean",16
"2253","leap",6
"2254","learn",13
"2255","lease",26
"2256","least",12
"2257","leather",233
"2258","leave",129
"2259","leaves",39
"2260","ledge",23
"2261","leery",2
"2262","left",26
"2263","leg",280
"2264","legal",3
"2265","legend",3
"2266","legion",80
"2267","legislature",39
"2268","legs",82
"2269","lemon",88
"2270","lend",134
"2271","length",25
"2272","lenient",3
"2273","lens",30
"2274","leopard",127
"2275","leotards",57
"2276","less",13
"2277","lesson",10
"2278","let",10
"2279","letter",49
"2280","letters",41
"2281","lettuce",93
"2282","level",42
"2283","lever",75
"2284","liar",8
"2285","libel",20
"2286","liberal",11
"2287","liberty",2
"2288","lice",55
"2289","license",22
"2290","lick",175
"2291","lid",83
"2292","lie",18
"2293","life",4
"2294","lifeblood",16
"2295","lift",171
"2296","light",17
"2297","lightheaded",3
"2298","lightning",43
"2299","like",8
"2300","lime",107
"2301","limousine",118
"2302","limp",116
"2303","line",21
"2304","linen",31
"2305","lingerie",56
"2306","link",3
"2307","lint",30
"2308","lion",178
"2309","lip",23
"2310","lips",123
"2311","liquid",54
"2312","list",10
"2313","listen",99
"2314","lit",22
"2315","literature",19
"2316","litter",4
"2317","little",52
"2318","live",14
"2319","liver",14
"2320","lizard",212
"2321","load",18
"2322","loan",145
"2323","lobe",13
"2324","lobster",168
"2325","local",12
"2326","location",16
"2327","lock",56
"2328","locus",27
"2329","lode",2
"2330","lodge",53
"2331","loft",50
"2332","log",52
"2333","logarithm",12
"2334","london",2
"2335","lonely",2
"2336","long",11
"2337","look",126
"2338","looks",87
"2339","loose",3
"2340","loosen",5
"2341","lord",6
"2342","lose",116
"2343","loser",6
"2344","loss",146
"2345","lost",6
"2346","lot",7
"2347","lots",75
"2348","loud",69
"2349","lounge",25
"2350","love",18
"2351","lover",17
"2352","lovesick",8
"2353","loving",15
"2354","low",55
"2355","lower",18
"2356","loyal",2
"2357","loyalty",3
"2358","lubricate",24
"2359","luck",7
"2360","luggage",63
"2361","lumber",35
"2362","lump",2
"2363","lunch",98
"2364","lung",43
"2365","lungs",47
"2366","lust",17
"2367","macaroni",101
"2368","machete",93
"2369","machine",78
"2370","mackerel",78
"2371","mad",2
"2372","mafia",7
"2373","magazine",49
"2374","maggot",26
"2375","magic",3
"2376","magician",8
"2377","magnet",110
"2378","magnify",35
"2379","maid",36
"2380","mail",6
"2381","mailbox",9
"2382","mailman",61
"2383","main",1
"2384","major",4
"2385","majority",14
"2386","make",150
"2387","maker",18
"2388","male",14
"2389","mall",55
"2390","malt",20
"2391","mammal",238
"2392","man",60
"2393","manager",12
"2394","mandarin",117
"2395","mangle",6
"2396","manipulative",13
"2397","manner",8
"2398","manners",67
"2399","manufacturer",22
"2400","many",18
"2401","map",2
"2402","maple",25
"2403","marble",96
"2404","march",96
"2405","margin",5
"2406","marijuana",39
"2407","marines",16
"2408","marionette",1
"2409","mark",3
"2410","marker",18
"2411","market",165
"2412","maroon",33
"2413","marriage",51
"2414","marry",2
"2415","mars",17
"2416","marsh",37
"2417","mary",10
"2418","mask",36
"2419","mason",10
"2420","mass",9
"2421","massage",116
"2422","master",2
"2423","mastery",4
"2424","mat",79
"2425","match",60
"2426","mate",13
"2427","material",75
"2428","math",16
"2429","matter",10
"2430","mature",16
"2431","maximum",10
"2432","maybe",2
"2433","maze",2
"2434","mcdonald's",38
"2435","me",16
"2436","meadow",13
"2437","mean",12
"2438","meaning",5
"2439","meaningful",8
"2440","means",4
"2441","measure",3
"2442","measurement",12
"2443","meat",203
"2444","medal",48
"2445","media",6
"2446","medical",15
"2447","medicine",9
"2448","medieval",7
"2449","mediocre",21
"2450","medium",77
"2451","meet",14
"2452","meeting",30
"2453","mellow",7
"2454","melt",2
"2455","member",5
"2456","memorial",2
"2457","memory",10
"2458","men",13
"2459","menace",17
"2460","mend",14
"2461","mental",13
"2462","menu",16
"2463","meow",134
"2464","merit",3
"2465","message",50
"2466","messy",29
"2467","metal",97
"2468","meteor",17
"2469","meteorite",19
"2470","meter",10
"2471","methodist",7
"2472","meticulous",2
"2473","metric",2
"2474","mexico",8
"2475","mice",179
"2476","microphone",62
"2477","microscope",68
"2478","microwave",58
"2479","middle",9
"2480","might",18
"2481","mild",13
"2482","mildew",6
"2483","mile",57
"2484","milk",130
"2485","million",26
"2486","millionth",25
"2487","millipede",48
"2488","mimic",1
"2489","mind",20
"2490","mine",14
"2491","mineral",6
"2492","minimum",7
"2493","mink",170
"2494","mink_coat",110
"2495","minnow",132
"2496","minor",41
"2497","mint",37
"2498","mints",32
"2499","minus",19
"2500","minute",9
"2501","minutes",8
"2502","mirage",9
"2503","mirror",41
"2504","mischief",4
"2505","miss",3
"2506","missile",101
"2507","mist",47
"2508","mistake",13
"2509","mister",3
"2510","misunderstand",3
"2511","mitten",67
"2512","mittens",109
"2513","mix",142
"2514","mixer",34
"2515","mixture",18
"2516","moat",15
"2517","mob",67
"2518","modern",17
"2519","moist",23
"2520","mold",63
"2521","mole_animal",151
"2522","molten",19
"2523","mom",25
"2524","moment",33
"2525","monarch",8
"2526","monastery",15
"2527","monday",17
"2528","money",5
"2529","moneymaker",38
"2530","mongoose",106
"2531","monk",3
"2532","monkey",220
"2533","monotone",45
"2534","monotonous",5
"2535","monster",22
"2536","month",32
"2537","monthly",7
"2538","monument",13
"2539","moon",8
"2540","moonlight",13
"2541","moose",162
"2542","mop",79
"2543","moral",43
"2544","morals",22
"2545","more",5
"2546","morning",19
"2547","moron",2
"2548","morse",5
"2549","mortgage",21
"2550","moss",73
"2551","most",6
"2552","motel",14
"2553","moth",94
"2554","mother",20
"2555","motion",97
"2556","motionless",12
"2557","motor",78
"2558","motorcycle",149
"2559","mountain",46
"2560","mountains",18
"2561","mouse",180
"2562","mouse_computer",95
"2563","mousse",35
"2564","mouth",131
"2565","move",132
"2566","movement",53
"2567","movie",25
"2568","mow",7
"2569","mower",3
"2570","much",14
"2571","mud",50
"2572","muffin",117
"2573","mug",105
"2574","mule",12
"2575","multiply",12
"2576","mummy",24
"2577","munch",85
"2578","murder",142
"2579","murderer",30
"2580","muscle",90
"2581","mushroom",108
"2582","music",15
"2583","musk",7
"2584","must",4
"2585","mustache",17
"2586","mute",37
"2587","mutton",24
"2588","muzzle",85
"2589","mystery",3
"2590","mystical",7
"2591","myth",3
"2592","mythology",1
"2593","nag",12
"2594","nail",196
"2595","naive",3
"2596","naked",30
"2597","name",11
"2598","nap",38
"2599","napkin",105
"2600","narrow",40
"2601","nation",32
"2602","native",3
"2603","natural",2
"2604","nature",97
"2605","nausea",17
"2606","nauseous",29
"2607","navigator",16
"2608","navy",65
"2609","near",7
"2610","neat",9
"2611","necessary",5
"2612","neck",92
"2613","necklace",54
"2614","nectarine",147
"2615","need",34
"2616","needle",15
"2617","needy",16
"2618","negative",39
"2619","negligent",1
"2620","negotiation",6
"2621","neighborhood",90
"2622","nephew",18
"2623","nerd",8
"2624","nerve",37
"2625","nerves",69
"2626","nervous",47
"2627","net",6
"2628","network",19
"2629","neuron",10
"2630","neutron",1
"2631","never",4
"2632","new",1
"2633","news",53
"2634","newspaper",37
"2635","newsstand",4
"2636","newton",25
"2637","next",19
"2638","nice",39
"2639","nickel",26
"2640","nickname",19
"2641","nicotine",6
"2642","niece",7
"2643","night",11
"2644","nightgown",78
"2645","nightingale",27
"2646","nightmare",13
"2647","nine",7
"2648","nitrogen",18
"2649","no",13
"2650","noise",39
"2651","noisy",67
"2652","nomad",93
"2653","none",2
"2654","nonsense",5
"2655","noodles",222
"2656","noon",23
"2657","norm",9
"2658","normal",3
"2659","north",18
"2660","nose",148
"2661","not",4
"2662","note",17
"2663","notebook",38
"2664","nothing",2
"2665","notice",116
"2666","notify",14
"2667","noun",26
"2668","novel",20
"2669","novice",5
"2670","now",4
"2671","nuclear",19
"2672","number",3
"2673","numbers",11
"2674","numerous",13
"2675","nun",73
"2676","nurse",54
"2677","nut",124
"2678","nuts",116
"2679","nylon",35
"2680","nylons",79
"2681","oak",141
"2682","oasis",16
"2683","oath",2
"2684","oats",82
"2685","obey",6
"2686","object",7
"2687","objective",5
"2688","obligation",1
"2689","obnoxious",37
"2690","oboe",35
"2691","obscure",16
"2692","observe",15
"2693","obsession",11
"2694","obstacle",1
"2695","obtain",10
"2696","obvious",17
"2697","occupation",18
"2698","occupied",5
"2699","ocean",68
"2700","octopus",148
"2701","odd",6
"2702","odds",1
"2703","off",53
"2704","offend",31
"2705","offense",10
"2706","offensive",7
"2707","office",86
"2708","officer",28
"2709","official",10
"2710","offstage",16
"2711","often",11
"2712","oil",15
"2713","oink",118
"2714","ointment",11
"2715","okay",3
"2716","old",5
"2717","oligarchy",51
"2718","olive",119
"2719","olympics",6
"2720","omega",1
"2721","on",36
"2722","once",22
"2723","one",7
"2724","onion",109
"2725","onions",118
"2726","oodles",12
"2727","open",8
"2728","opener",134
"2729","opening",22
"2730","operation",5
"2731","opportunity",7
"2732","opposite",4
"2733","optimistic",12
"2734","option",4
"2735","orange",57
"2736","orchestra",35
"2737","orchid",43
"2738","ordeal",2
"2739","order",5
"2740","orderly",6
"2741","ordinary",8
"2742","ore",9
"2743","oregano",56
"2744","organize",4
"2745","orgasm",28
"2746","orient",2
"2747","original",3
"2748","originate",5
"2749","oriole",38
"2750","ornament",3
"2751","ostracize",9
"2752","ostrich",119
"2753","otter",99
"2754","ouch",39
"2755","ounce",16
"2756","out",27
"2757","outcome",4
"2758","outdoors",21
"2759","outgoing",13
"2760","outlet",27
"2761","outrageous",2
"2762","oval",11
"2763","oven",137
"2764","over",8
"2765","overbear",7
"2766","overcome",6
"2767","overflow",21
"2768","overlaid",20
"2769","overpower",26
"2770","overview",1
"2771","overwhelm",4
"2772","owe",13
"2773","owl",106
"2774","own",7
"2775","owner",37
"2776","ox",122
"2777","oxygen",131
"2778","oyster",13
"2779","ozone",13
"2780","pack",20
"2781","package",8
"2782","paddle",108
"2783","paddy",5
"2784","page",27
"2785","pail",63
"2786","pain",54
"2787","paint",145
"2788","paintbrush",61
"2789","painting",7
"2790","pair",12
"2791","pajamas",52
"2792","palace",60
"2793","pale",43
"2794","palm",37
"2795","pan",86
"2796","pancakes",128
"2797","panel",43
"2798","panorama",3
"2799","panther",93
"2800","pants",137
"2801","paper",23
"2802","paperclip",122
"2803","parade",7
"2804","paradise",1
"2805","parakeet",100
"2806","parcel",2
"2807","parched",11
"2808","pardon",5
"2809","parent",54
"2810","paris",7
"2811","park",119
"2812","parka",43
"2813","parking",90
"2814","parkway",14
"2815","parsley",74
"2816","part",18
"2817","partial",8
"2818","participate",29
"2819","partner",28
"2820","partridge",85
"2821","parts",3
"2822","party",20
"2823","pass",8
"2824","passage",4
"2825","passive",22
"2826","past",11
"2827","pasta",55
"2828","paste",36
"2829","pastry",63
"2830","pasture",50
"2831","pat",1
"2832","path",27
"2833","patience",4
"2834","patient",5
"2835","patio",41
"2836","patriot",34
"2837","pattern",6
"2838","pavement",23
"2839","paw",81
"2840","pay",120
"2841","payload",17
"2842","payment",44
"2843","pea",71
"2844","peace",12
"2845","peach",105
"2846","peacock",112
"2847","peak",15
"2848","peanut",86
"2849","pear",87
"2850","pearl",97
"2851","peas",94
"2852","pebble",33
"2853","pedal",113
"2854","pedigree",8
"2855","peek",5
"2856","peg",97
"2857","pelican",129
"2858","pen",187
"2859","pencil",101
"2860","pendulum",50
"2861","penguin",140
"2862","penny",7
"2863","people",29
"2864","pepper",119
"2865","pepperoni",5
"2866","pepsi",4
"2867","perceive",21
"2868","percent",15
"2869","percentage",14
"2870","perception",13
"2871","perch",143
"2872","perfect",2
"2873","perform",12
"2874","perfume",61
"2875","period",3
"2876","periscope",7
"2877","perish",4
"2878","permit",26
"2879","peroxide",6
"2880","person",59
"2881","personal",10
"2882","personality",14
"2883","personnel",24
"2884","persuade",5
"2885","pest",11
"2886","petroleum",8
"2887","phantom",1
"2888","phase",10
"2889","pheasant",69
"2890","philosophy",18
"2891","phone",28
"2892","phony",4
"2893","phrase",15
"2894","physical",9
"2895","physician",8
"2896","physics",5
"2897","physiology",5
"2898","piano",47
"2899","pick",3
"2900","picket",5
"2901","pickle",67
"2902","pickles",102
"2903","picnic",82
"2904","picture",2
"2905","pie",70
"2906","piece",17
"2907","pieces",20
"2908","pier",71
"2909","pig",120
"2910","pigeon",83
"2911","pike",86
"2912","pile",18
"2913","pill",106
"2914","pillow",44
"2915","pilot",16
"2916","pimple",108
"2917","pin",75
"2918","pine",38
"2919","pineapple",89
"2920","pint",8
"2921","pinwheel",20
"2922","pious",5
"2923","pipe",25
"2924","pipe_plumbing",155
"2925","pipe_smoking",9
"2926","piped",10
"2927","pissed",14
"2928","pistol",150
"2929","pit",35
"2930","pitcher",30
"2931","pitchfork",83
"2932","pity",40
"2933","pizza",139
"2934","place",126
"2935","plaid",53
"2936","plain",6
"2937","plan",27
"2938","plane",64
"2939","planet",32
"2940","planets",24
"2941","planning",3
"2942","plant",39
"2943","plants",71
"2944","plaque",6
"2945","plaster",24
"2946","plastic",5
"2947","plate",119
"2948","plates",85
"2949","platform",3
"2950","platypus",68
"2951","play",65
"2952","player",48
"2953","playground",28
"2954","playing",63
"2955","plaything",60
"2956","plaza",39
"2957","plea",118
"2958","plead",102
"2959","please",13
"2960","pledge",2
"2961","plenty",2
"2962","pliers",135
"2963","plot",1
"2964","plug",5
"2965","plug_electric",67
"2966","plum",75
"2967","plumber",63
"2968","plus",4
"2969","plush",50
"2970","pluto",16
"2971","pocket",80
"2972","pocketbook",107
"2973","poem",17
"2974","poet",43
"2975","poetry",4
"2976","point",15
"2977","poison",126
"2978","poker",2
"2979","pole",104
"2980","police",25
"2981","policeman",9
"2982","policy",9
"2983","polish",6
"2984","polite",22
"2985","politician",11
"2986","politics",9
"2987","pollution",2
"2988","polyester",40
"2989","pond",70
"2990","pony",152
"2991","pool",62
"2992","poor",8
"2993","pop",58
"2994","popcorn",15
"2995","pope",12
"2996","popeye",16
"2997","population",22
"2998","porcelain",11
"2999","porcupine",100
"3000","pork",14
"3001","port",4
"3002","portion",7
"3003","portray",14
"3004","position",18
"3005","positive",20
"3006","possess",26
"3007","possible",1
"3008","post",57
"3009","postage",4
"3010","pot",123
"3011","potato",92
"3012","pottery",4
"3013","pounce",2
"3014","pound",163
"3015","pour",124
"3016","powder",31
"3017","power",26
"3018","powerful",26
"3019","practice",7
"3020","praise",2
"3021","prank",4
"3022","pray",10
"3023","prayer",27
"3024","preach",104
"3025","precious",3
"3026","precipice",2
"3027","precise",4
"3028","predator",159
"3029","predict",9
"3030","prefer",11
"3031","prejudice",18
"3032","premises",18
"3033","prepare",1
"3034","presence",10
"3035","present",17
"3036","presentation",15
"3037","president",6
"3038","press",123
"3039","prestige",7
"3040","presume",5
"3041","presumption",2
"3042","presumptuous",1
"3043","pretend",11
"3044","pretty",20
"3045","preview",7
"3046","price",17
"3047","priceless",7
"3048","prickly",10
"3049","pride",24
"3050","priest",7
"3051","primate",104
"3052","prime",3
"3053","prince",5
"3054","princess",36
"3055","print",12
"3056","printer",6
"3057","prison",27
"3058","prisoner",38
"3059","private",7
"3060","pro",4
"3061","problem",3
"3062","procedure",4
"3063","process",5
"3064","producer",34
"3065","product",13
"3066","production",41
"3067","professional",18
"3068","professor",13
"3069","profound",7
"3070","projector",22
"3071","prom",4
"3072","promise",4
"3073","promote",17
"3074","pronoun",25
"3075","proof",4
"3076","property",12
"3077","proprietor",12
"3078","prose",34
"3079","prospect",3
"3080","prospective",3
"3081","protect",9
"3082","protection",15
"3083","protein",21
"3084","protestant",6
"3085","proud",17
"3086","prove",2
"3087","proverb",1
"3088","provision",2
"3089","prune",92
"3090","psycho",4
"3091","psychology",27
"3092","pub",12
"3093","puberty",17
"3094","public",35
"3095","publication",13
"3096","publisher",9
"3097","pudding",41
"3098","puff",5
"3099","puke",37
"3100","pull",119
"3101","pump",64
"3102","pumpkin",54
"3103","punch",109
"3104","punctuation",12
"3105","punishment",87
"3106","purchase",18
"3107","purple",29
"3108","purpose",2
"3109","purse",21
"3110","push",124
"3111","pushy",11
"3112","put",115
"3113","puzzle",15
"3114","pyramid",52
"3115","python",135
"3116","quack",5
"3117","quality",7
"3118","quantity",6
"3119","quart",9
"3120","quarter",18
"3121","queen",6
"3122","quench",15
"3123","quest",3
"3124","question",12
"3125","questions",1
"3126","quick",39
"3127","quiet",64
"3128","quill",47
"3129","quilt",45
"3130","quiz",15
"3131","quotient",4
"3132","rabbi",5
"3133","rabbit",109
"3134","raccoon",99
"3135","race",75
"3136","rack",105
"3137","racket",87
"3138","racquet",99
"3139","radiator",17
"3140","radio",61
"3141","radish",100
"3142","raft",118
"3143","rag",25
"3144","rain",106
"3145","rainy",8
"3146","raisin",86
"3147","rake",157
"3148","ram",45
"3149","range",1
"3150","rap",31
"3151","rape",25
"3152","rare",3
"3153","rash",14
"3154","raspberry",79
"3155","rat",146
"3156","rationalize",4
"3157","rattle",133
"3158","rattlesnake",97
"3159","raven",70
"3160","raw",6
"3161","rays",15
"3162","razor",100
"3163","reach",8
"3164","reaction",33
"3165","read",100
"3166","ready",3
"3167","real",4
"3168","reality",1
"3169","realize",17
"3170","reap",7
"3171","reappear",31
"3172","rear",13
"3173","rearrange",55
"3174","reason",1
"3175","reasonable",2
"3176","rebel",36
"3177","receive",96
"3178","recipe",37
"3179","reckless",39
"3180","recliner",29
"3181","recognition",8
"3182","recommend",14
"3183","record",1
"3184","recycle",19
"3185","red",8
"3186","reef",55
"3187","reel",3
"3188","referee",28
"3189","reflect",20
"3190","reflection",47
"3191","refrain",14
"3192","refreshing",25
"3193","refrigerator",11
"3194","refuse",4
"3195","region",22
"3196","regret",19
"3197","regular",8
"3198","reindeer",91
"3199","reject",14
"3200","relationship",26
"3201","relative",35
"3202","relativity",1
"3203","relax",10
"3204","release",3
"3205","reliable",1
"3206","religion",17
"3207","religious",4
"3208","relish",37
"3209","remain",40
"3210","remark",11
"3211","remedy",2
"3212","remember",17
"3213","remind",7
"3214","reminiscence",5
"3215","remorse",79
"3216","remove",20
"3217","remover",49
"3218","rent",10
"3219","rental",4
"3220","repair",113
"3221","repeat",1
"3222","repentance",47
"3223","replace",25
"3224","reply",15
"3225","reprimand",3
"3226","reproduce",9
"3227","reptile",70
"3228","republic",13
"3229","republican",2
"3230","request",95
"3231","rescue",20
"3232","research",7
"3233","reservation",14
"3234","resort",7
"3235","respect",3
"3236","respond",44
"3237","response",24
"3238","responsibility",2
"3239","responsible",19
"3240","restaurant",82
"3241","restriction",3
"3242","retain",16
"3243","retch",47
"3244","retort",1
"3245","retreat",19
"3246","retrograde",20
"3247","return",110
"3248","revenge",47
"3249","revival",12
"3250","revolution",14
"3251","revolver",118
"3252","rhubarb",55
"3253","rhyme",29
"3254","rhythm",33
"3255","ribbon",27
"3256","ribs",354
"3257","rice",91
"3258","rich",6
"3259","ride",109
"3260","rider",9
"3261","ridicule",2
"3262","ridiculous",3
"3263","rifle",107
"3264","right",33
"3265","righteous",7
"3266","righteousness",8
"3267","rights",8
"3268","rigid",34
"3269","ring",22
"3270","ring_jewelry",51
"3271","rinse",66
"3272","riot",22
"3273","rip",52
"3274","rise",110
"3275","ritual",1
"3276","rivalry",8
"3277","river",32
"3278","roach",7
"3279","road",60
"3280","roam",42
"3281","roar",80
"3282","roast",52
"3283","rob",17
"3284","robbery",10
"3285","robe",92
"3286","robin",61
"3287","robust",32
"3288","rock",44
"3289","rocker",14
"3290","rocket",112
"3291","rocks",4
"3292","rod",150
"3293","rodent",102
"3294","rogue",6
"3295","roman",1
"3296","romance",18
"3297","roof",36
"3298","room",15
"3299","roommate",48
"3300","roost",19
"3301","rooster",112
"3302","rope",51
"3303","rose",140
"3304","roses",150
"3305","rot",40
"3306","rotten",40
"3307","rough",18
"3308","round",3
"3309","routine",45
"3310","row",5
"3311","royal",3
"3312","rub",62
"3313","rubber",8
"3314","rubberneck",3
"3315","rude",60
"3316","rug",58
"3317","rule",2
"3318","ruler",70
"3319","rules",5
"3320","rum",8
"3321","rumor",3
"3322","run",108
"3323","rung",4
"3324","runner",37
"3325","running",155
"3326","rural",5
"3327","rush",39
"3328","russia",33
"3329","rye",13
"3330","saber",31
"3331","sack",46
"3332","sacred",2
"3333","sad",47
"3334","saddle",18
"3335","safari",47
"3336","safe",17
"3337","sailboat",142
"3338","sailing",28
"3339","sailor",32
"3340","saint",10
"3341","salad",112
"3342","salamander",125
"3343","sale",33
"3344","sales",19
"3345","salesman",37
"3346","saliva",30
"3347","salmon",73
"3348","saloon",9
"3349","salt",107
"3350","saltine",21
"3351","salute",29
"3352","same",4
"3353","sample",36
"3354","sand",4
"3355","sandals",50
"3356","sandpaper",67
"3357","sandwich",137
"3358","santa",24
"3359","sap",3
"3360","sapphire",17
"3361","sardine",77
"3362","sash",62
"3363","sassafras",14
"3364","satan",1
"3365","satin",27
"3366","sauce",118
"3367","saucer",26
"3368","sausage",89
"3369","save",11
"3370","savior",9
"3371","saw",108
"3372","sawhorse",29
"3373","saxophone",28
"3374","say",78
"3375","saying",48
"3376","scale",5
"3377","scales",5
"3378","scalpel",39
"3379","scandalous",40
"3380","scapegoat",15
"3381","scar",58
"3382","scarcity",3
"3383","scare",7
"3384","scared",12
"3385","scarf",72
"3386","scary",2
"3387","scenery",1
"3388","scent",41
"3389","schedule",8
"3390","scheme",2
"3391","scholarship",25
"3392","school",36
"3393","science",10
"3394","scientist",3
"3395","scissors",97
"3396","scold",12
"3397","scoop",29
"3398","scooter",119
"3399","scotch",5
"3400","scrambled",2
"3401","scrap",120
"3402","scratch",29
"3403","scream",91
"3404","screech",88
"3405","screen",6
"3406","screw",145
"3407","screwdriver",108
"3408","screws",87
"3409","scrub",49
"3410","scuba",26
"3411","sculpture",3
"3412","sea",171
"3413","seafood",96
"3414","seagull",86
"3415","seal",116
"3416","seam",35
"3417","search",3
"3418","seashore",30
"3419","seasoning",51
"3420","seat",74
"3421","seatbelt",26
"3422","seaweed",94
"3423","secluded",3
"3424","second",20
"3425","secret",15
"3426","secretary",16
"3427","secretive",35
"3428","section",8
"3429","secure",9
"3430","security",8
"3431","sedative",13
"3432","see",64
"3433","seed",52
"3434","seek",4
"3435","seem",3
"3436","seldom",3
"3437","selection",1
"3438","self",15
"3439","selfish",6
"3440","sell",70
"3441","seller",32
"3442","semester",13
"3443","senate",3
"3444","senator",3
"3445","send",78
"3446","sense",64
"3447","sensitive",18
"3448","sentence",2
"3449","sentry",3
"3450","separate",13
"3451","serious",2
"3452","server",14
"3453","service",57
"3454","set",63
"3455","seven",9
"3456","several",17
"3457","sew",7
"3458","sex",10
"3459","sexy",1
"3460","shack",81
"3461","shade",26
"3462","shake",97
"3463","shallow",28
"3464","shame",27
"3465","shampoo",41
"3466","shape",16
"3467","shark",225
"3468","sharp",16
"3469","shatter",20
"3470","shave",94
"3471","shawl",28
"3472","she",8
"3473","shearing",9
"3474","shears",15
"3475","shed",69
"3476","sheep",86
"3477","sheet",59
"3478","sheets",87
"3479","shelf",73
"3480","shell",44
"3481","shelves",50
"3482","shield",72
"3483","shift",66
"3484","shine",70
"3485","shingle",14
"3486","ship",82
"3487","shirt",80
"3488","shiver",20
"3489","shock",12
"3490","shoe",83
"3491","shoelace",13
"3492","shoes",73
"3493","shoot",17
"3494","shop",21
"3495","shopping",38
"3496","shore",40
"3497","short",7
"3498","shortcake",32
"3499","shortcoming",1
"3500","shorts",114
"3501","shot",5
"3502","shotgun",34
"3503","shoulder",78
"3504","shout",64
"3505","shove",15
"3506","shovel",118
"3507","show",41
"3508","shower",73
"3509","shrimp",91
"3510","shrine",3
"3511","shrink",13
"3512","shrub",82
"3513","shut",33
"3514","shy",1
"3515","sibling",8
"3516","sick",9
"3517","sickle",30
"3518","side",10
"3519","sidewalk",7
"3520","sigh",82
"3521","sight",31
"3522","sign",1
"3523","silent",39
"3524","silk",54
"3525","silly",2
"3526","similar",5
"3527","simple",6
"3528","since",10
"3529","sing",96
"3530","singer",20
"3531","single",2
"3532","sink",93
"3533","sinker",3
"3534","sip",55
"3535","siren",85
"3536","sister",13
"3537","sit",78
"3538","situation",23
"3539","six",7
"3540","skateboard",62
"3541","sketch",2
"3542","ski",20
"3543","skid",62
"3544","skill",8
"3545","skiller",12
"3546","skillet",84
"3547","skin",48
"3548","skinny",39
"3549","skip",43
"3550","skirt",35
"3551","skis",86
"3552","skunk",116
"3553","sky",6
"3554","skyscraper",40
"3555","slab",20
"3556","slacks",16
"3557","slander",7
"3558","slangy",12
"3559","slap",80
"3560","slave",39
"3561","slay",10
"3562","sled",92
"3563","sledgehammer",109
"3564","sleep",19
"3565","sleeve",54
"3566","sleigh",53
"3567","slender",31
"3568","slice",8
"3569","slick",7
"3570","slid",28
"3571","slide",75
"3572","slime",17
"3573","slimy",3
"3574","sling",37
"3575","slingshot",52
"3576","slip",10
"3577","slippers",52
"3578","slippery",39
"3579","sliver",69
"3580","slob",15
"3581","slope",8
"3582","slow",62
"3583","slowly",10
"3584","slug",9
"3585","slum",6
"3586","slurp",52
"3587","slut",5
"3588","sly",2
"3589","small",12
"3590","smart",3
"3591","smash",74
"3592","smear",2
"3593","smell",40
"3594","smile",70
"3595","smoke",66
"3596","smoky",16
"3597","smooth",22
"3598","smother",22
"3599","smudge",4
"3600","snack",120
"3601","snail",129
"3602","snake",177
"3603","snap",71
"3604","snatch",12
"3605","sneak",120
"3606","sneakers",23
"3607","sneaky",57
"3608","sneeze",72
"3609","sniff",55
"3610","snob",12
"3611","snooze",6
"3612","snore",57
"3613","snot",18
"3614","snotty",1
"3615","snow",36
"3616","snuggle",44
"3617","soak",31
"3618","soap",87
"3619","sober",2
"3620","society",23
"3621","sock",35
"3622","socket",11
"3623","socks",64
"3624","soda",16
"3625","sofa",67
"3626","soft",32
"3627","softball",70
"3628","soil",56
"3629","soldier",22
"3630","solid",51
"3631","solo",2
"3632","solution",3
"3633","some",4
"3634","something",4
"3635","sometimes",6
"3636","son",10
"3637","song",4
"3638","sonic",61
"3639","sonnet",2
"3640","soon",20
"3641","soot",14
"3642","soothe",18
"3643","sophomore",6
"3644","soprano",26
"3645","sorority",7
"3646","sorrow",13
"3647","sorry",1
"3648","sound",67
"3649","soup",98
"3650","sour",77
"3651","south",6
"3652","southern",4
"3653","sow",18
"3654","space",1
"3655","spade",31
"3656","spaghetti",75
"3657","spam",9
"3658","span",9
"3659","spanish",11
"3660","spank",4
"3661","spare",2
"3662","sparkle",67
"3663","sparrow",41
"3664","spasm",47
"3665","spatula",86
"3666","speak",58
"3667","spear",86
"3668","special",4
"3669","specific",1
"3670","speech",42
"3671","speed",72
"3672","spell",16
"3673","spend",29
"3674","sphinx",19
"3675","spice",51
"3676","spicy",57
"3677","spider",77
"3678","spill",5
"3679","spin",38
"3680","spinach",30
"3681","spine",28
"3682","spit",54
"3683","splashy",34
"3684","splice",20
"3685","splinter",105
"3686","split",15
"3687","spoiled",5
"3688","sponge",150
"3689","spontaneous",18
"3690","spool",25
"3691","spoon",73
"3692","sport",69
"3693","sports",6
"3694","spot",3
"3695","spotless",6
"3696","spots",62
"3697","spouse",5
"3698","sprain",50
"3699","spray",45
"3700","spread",13
"3701","spree",14
"3702","spring",13
"3703","sprinkle",41
"3704","squad",10
"3705","square",10
"3706","squash",9
"3707","squeak",42
"3708","squeal",41
"3709","squid",33
"3710","squint",60
"3711","squirrel",115
"3712","stab",58
"3713","stable",7
"3714","stack",31
"3715","stadium",80
"3716","staff",23
"3717","stag",22
"3718","stage",102
"3719","stagger",50
"3720","stain",43
"3721","stair",7
"3722","stairs",45
"3723","stairway",20
"3724","stale",57
"3725","stalk",7
"3726","stall",28
"3727","stamp",3
"3728","stand",61
"3729","standard",4
"3730","staple",104
"3731","stapler",67
"3732","star",31
"3733","starch",46
"3734","stare",20
"3735","starling",37
"3736","start",6
"3737","starving",6
"3738","state",3
"3739","states",3
"3740","station",16
"3741","statistics",3
"3742","statue",34
"3743","stay",38
"3744","steak",19
"3745","steal",15
"3746","steam",35
"3747","steel",45
"3748","steep",5
"3749","steeple",20
"3750","steer",72
"3751","steering",24
"3752","stench",24
"3753","step",60
"3754","steps",81
"3755","stereo",41
"3756","stereotype",8
"3757","stew",36
"3758","stewardess",16
"3759","stick",71
"3760","sticker",8
"3761","sticky",5
"3762","stiff",31
"3763","still",18
"3764","stimulus",39
"3765","sting",16
"3766","stir",38
"3767","stitch",10
"3768","stock",17
"3769","stockbroker",7
"3770","stocking",52
"3771","stolen",2
"3772","stomach",25
"3773","stone",65
"3774","stoned",5
"3775","stony",14
"3776","stool",26
"3777","stool_furniture",91
"3778","stop",48
"3779","stopper",5
"3780","storage",10
"3781","store",7
"3782","stork",70
"3783","storm",11
"3784","story",14
"3785","stove",38
"3786","straight",7
"3787","strain",10
"3788","strainer",86
"3789","strand",90
"3790","strange",4
"3791","strap",29
"3792","strategy",18
"3793","straw",58
"3794","strawberry",39
"3795","stream",49
"3796","street",23
"3797","strength",46
"3798","stress",3
"3799","stretch",35
"3800","strict",6
"3801","strike",5
"3802","string",58
"3803","strip",37
"3804","stripe",39
"3805","stripes",2
"3806","strive",22
"3807","stroke",17
"3808","strong",31
"3809","strung",4
"3810","stub",22
"3811","stuck",19
"3812","student",11
"3813","study",9
"3814","stuff",7
"3815","stumble",12
"3816","stump",22
"3817","stupid",5
"3818","sty",9
"3819","style",30
"3820","sub",7
"3821","subject",3
"3822","submarine",51
"3823","subsidence",48
"3824","substance",1
"3825","subtle",6
"3826","subtract",13
"3827","subtraction",5
"3828","suburb",8
"3829","subway",60
"3830","succeed",8
"3831","success",8
"3832","suck",10
"3833","suds",16
"3834","suede",48
"3835","suffer",44
"3836","suffocate",13
"3837","sugar",99
"3838","suggest",38
"3839","suggestion",25
"3840","suit",6
"3841","suitcase",39
"3842","suite",2
"3843","sum",4
"3844","summary",15
"3845","summer",36
"3846","summit",9
"3847","sun",64
"3848","sunday",12
"3849","sunny",34
"3850","sunrise",27
"3851","sunset",28
"3852","super",2
"3853","superior",1
"3854","superman",32
"3855","superstition",1
"3856","supervisor",19
"3857","supper",77
"3858","support",21
"3859","suppose",2
"3860","sure",3
"3861","surface",45
"3862","surfboard",85
"3863","surgeon",4
"3864","surgery",9
"3865","surprise",6
"3866","surreal",1
"3867","surrounding",8
"3868","surroundings",8
"3869","survey",8
"3870","survive",2
"3871","suspect",7
"3872","swallow",53
"3873","swamp",11
"3874","swan",50
"3875","swap",5
"3876","swatter",9
"3877","swear",5
"3878","sweat",29
"3879","sweater",42
"3880","sweet",64
"3881","sweetheart",7
"3882","swerve",47
"3883","swift",39
"3884","swim",51
"3885","swimmer",36
"3886","swimsuit",78
"3887","swing",26
"3888","swiss",7
"3889","swoon",16
"3890","sword",43
"3891","sympathetic",7
"3892","sympathy",28
"3893","symphony",27
"3894","synagogue",9
"3895","synopsis",12
"3896","syrup",2
"3897","system",4
"3898","table",32
"3899","tablet",30
"3900","tabloids",1
"3901","tack",78
"3902","tackle",24
"3903","tactful",1
"3904","tag",15
"3905","tail",40
"3906","take",41
"3907","talent",14
"3908","talk",30
"3909","talking",43
"3910","tall",68
"3911","tame",38
"3912","tan",29
"3913","tangerine",47
"3914","tangy",44
"3915","tank",62
"3916","tank_army",47
"3917","tank_container",73
"3918","tantamount",5
"3919","tantrum",18
"3920","tap",30
"3921","tape",12
"3922","tape_scotch",42
"3923","tar",3
"3924","tardy",1
"3925","tarnish",4
"3926","tart",39
"3927","tarzan",37
"3928","task",9
"3929","taste",48
"3930","tasty",101
"3931","tax",6
"3932","taxi",34
"3933","tea",45
"3934","teach",32
"3935","teacher",28
"3936","team",23
"3937","tear",12
"3938","tears",15
"3939","tease",7
"3940","technique",3
"3941","technology",2
"3942","teenager",8
"3943","teensy",11
"3944","teeth",34
"3945","telephone",38
"3946","television",6
"3947","tell",29
"3948","teller",19
"3949","temper",15
"3950","temperature",27
"3951","temple",10
"3952","ten",5
"3953","tend",3
"3954","tendency",12
"3955","tennis",43
"3956","tenor",41
"3957","tense",3
"3958","tension",4
"3959","tent",17
"3960","term",3
"3961","terrible",23
"3962","terror",4
"3963","test",1
"3964","testify",7
"3965","text",16
"3966","thanks",5
"3967","thaw",6
"3968","then",4
"3969","theorem",2
"3970","theory",1
"3971","therapy",3
"3972","there",11
"3973","thermometer",23
"3974","thesaurus",10
"3975","thick",15
"3976","thief",9
"3977","thigh",43
"3978","thimble",49
"3979","thin",15
"3980","thing",57
"3981","think",13
"3982","thinking",6
"3983","third",28
"3984","thirst",60
"3985","thirsty",27
"3986","thought",21
"3987","thousand",10
"3988","thread",38
"3989","threat",31
"3990","threaten",27
"3991","three",23
"3992","threshold",5
"3993","thrift",12
"3994","throat",27
"3995","throne",14
"3996","through",29
"3997","throw",36
"3998","thumb",22
"3999","thunder",16
"4000","thursday",7
"4001","ticket",3
"4002","tickle",31
"4003","tie",49
"4004","tier",1
"4005","tiger",21
"4006","tight",4
"4007","tighten",7
"4008","tile",66
"4009","till",6
"4010","time",5
"4011","times",2
"4012","tint",13
"4013","tiptoe",21
"4014","tire",103
"4015","tired",17
"4016","tissue",33
"4017","title",7
"4018","toad",109
"4019","toast",97
"4020","toaster",31
"4021","today",9
"4022","toe",32
"4023","toenail",52
"4024","toes",14
"4025","together",40
"4026","toilet",36
"4027","tomahawk",37
"4028","tomato",24
"4029","tomb",7
"4030","tomorrow",15
"4031","ton",7
"4032","tone",37
"4033","tongs",87
"4034","tongue",34
"4035","tonic",22
"4036","tool",15
"4037","tools",29
"4038","toothbrush",28
"4039","toothpaste",7
"4040","top",14
"4041","topic",9
"4042","topping",5
"4043","torch",15
"4044","torn",7
"4045","tornado",11
"4046","tortoise",131
"4047","torture",17
"4048","toss",22
"4049","total",1
"4050","touch",32
"4051","touchdown",24
"4052","tour",16
"4053","tourist",26
"4054","tout",1
"4055","tow",64
"4056","towel",17
"4057","town",71
"4058","townspeople",20
"4059","toy",30
"4060","toys",19
"4061","trace",1
"4062","tractor",66
"4063","trade",26
"4064","tradition",3
"4065","traffic",49
"4066","trail",1
"4067","trailer",38
"4068","train",36
"4069","trait",2
"4070","traitor",3
"4071","tramp",6
"4072","trance",1
"4073","tranquil",2
"4074","transformer",9
"4075","transparent",15
"4076","transpire",4
"4077","transplant",38
"4078","transportation",100
"4079","trash",58
"4080","trauma",11
"4081","traumatic",5
"4082","travel",27
"4083","tray",83
"4084","tread",36
"4085","treasure",7
"4086","treat",59
"4087","treatment",39
"4088","treble",40
"4089","tree",38
"4090","trees",167
"4091","tremble",26
"4092","trench",58
"4093","trend",14
"4094","tribe",5
"4095","trick",1
"4096","tricycle",32
"4097","trip",16
"4098","tripod",29
"4099","triumph",5
"4100","troll",7
"4101","trolley",73
"4102","trombone",77
"4103","trophy",8
"4104","tropical",20
"4105","trot",85
"4106","trouble",3
"4107","trousers",56
"4108","trout",83
"4109","truce",14
"4110","truck",27
"4111","TRUE",26
"4112","trumpet",59
"4113","trunk",15
"4114","trust",2
"4115","trustworthy",2
"4116","truth",3
"4117","truthful",2
"4118","try",1
"4119","tub",48
"4120","tuba",83
"4121","tube",71
"4122","tuesday",8
"4123","tulip",14
"4124","tulips",21
"4125","tumble",10
"4126","tumor",4
"4127","tuna",66
"4128","tune",44
"4129","tunnel",54
"4130","tupperware",43
"4131","turkey",45
"4132","turn",53
"4133","turnip",36
"4134","turtle",117
"4135","tusk",1
"4136","tutu",15
"4137","tuxedo",24
"4138","tweezers",13
"4139","twelve",11
"4140","twice",8
"4141","twig",78
"4142","twilight",24
"4143","twin",14
"4144","twinkle",13
"4145","twist",18
"4146","twister",7
"4147","two",6
"4148","type",4
"4149","typescript",7
"4150","typewriter",63
"4151","typhoon",59
"4152","typist",14
"4153","tyrannosaurus",12
"4154","ugly",6
"4155","umbrella",64
"4156","umpire",32
"4157","unaware",4
"4158","uncle",1
"4159","unclear",3
"4160","uncommon",3
"4161","unconscious",1
"4162","uncooked",12
"4163","undecided",2
"4164","under",3
"4165","underground",10
"4166","understand",9
"4167","understanding",4
"4168","understudy",2
"4169","underwear",41
"4170","unemployment",14
"4171","unequal",4
"4172","uneven",2
"4173","unfair",2
"4174","unhappy",18
"4175","unicycle",12
"4176","uniform",41
"4177","unify",8
"4178","unique",1
"4179","unit",3
"4180","united",1
"4181","university",9
"4182","unjust",2
"4183","unkempt",13
"4184","unknown",3
"4185","unload",18
"4186","unlock",16
"4187","unnatural",2
"4188","unobtainable",3
"4189","unseen",11
"4190","unsolved",2
"4191","unsure",2
"4192","untrue",2
"4193","untruthful",1
"4194","unusual",3
"4195","up",15
"4196","update",4
"4197","upstairs",12
"4198","upstream",40
"4199","uptight",3
"4200","urge",22
"4201","urn",23
"4202","usa",2
"4203","use",7
"4204","usual",1
"4205","vacancy",9
"4206","vacate",23
"4207","vacation",16
"4208","vacuum",23
"4209","vain",2
"4210","valentine",3
"4211","valor",1
"4212","valuable",8
"4213","value",5
"4214","values",1
"4215","valve",31
"4216","vampire",27
"4217","van",21
"4218","vanilla",30
"4219","vanish",1
"4220","variety",1
"4221","vaseline",1
"4222","vast",15
"4223","vault",78
"4224","veal",12
"4225","veer",21
"4226","vegetable",120
"4227","vegetables",123
"4228","vehicle",16
"4229","veil",27
"4230","vein",19
"4231","vent",30
"4232","venus",3
"4233","verb",47
"4234","verse",2
"4235","vessel",8
"4236","vest",15
"4237","veteran",10
"4238","vice",3
"4239","victim",7
"4240","victor",5
"4241","victory",2
"4242","view",17
"4243","viking",11
"4244","village",28
"4245","villain",4
"4246","vine",28
"4247","viola",61
"4248","violence",102
"4249","violent",86
"4250","violet",32
"4251","violin",14
"4252","virgin",1
"4253","virtue",6
"4254","vision",13
"4255","visit",11
"4256","visitation",6
"4257","visitor",5
"4258","vivid",11
"4259","vocabulary",32
"4260","vodka",11
"4261","volcano",8
"4262","vomit",17
"4263","vote",4
"4264","vulnerable",4
"4265","vulture",63
"4266","wacky",1
"4267","wade",16
"4268","wag",49
"4269","wage",7
"4270","wagon",61
"4271","waist",12
"4272","wait",28
"4273","waiter",8
"4274","wake",15
"4275","walk",17
"4276","walked",64
"4277","walkway",5
"4278","wall",12
"4279","wallet",169
"4280","wallop",27
"4281","walnut",43
"4282","walrus",44
"4283","waltz",4
"4284","wand",19
"4285","wander",15
"4286","want",12
"4287","war",9
"4288","warehouse",31
"4289","warm",29
"4290","warmth",16
"4291","warmup",3
"4292","warn",13
"4293","warning",3
"4294","warrior",14
"4295","wart",25
"4296","wary",2
"4297","wash",15
"4298","washcloth",20
"4299","washer",60
"4300","washington",4
"4301","wasp",39
"4302","waste",12
"4303","wasted",7
"4304","watch",24
"4305","water",36
"4306","waterfall",8
"4307","watermelon",4
"4308","way",1
"4309","weak",2
"4310","weakness",1
"4311","wealth",6
"4312","wear",17
"4313","weather",10
"4314","weave",10
"4315","web",1
"4316","wed",2
"4317","wedding",36
"4318","wednesday",4
"4319","weed",41
"4320","week",7
"4321","weekend",45
"4322","weekly",5
"4323","weigh",19
"4324","weight",26
"4325","weights",15
"4326","weird",1
"4327","welcome",1
"4328","well",43
"4329","west",1
"4330","wet",20
"4331","whale",71
"4332","what",6
"4333","wheat",101
"4334","wheel",16
"4335","wheelbarrow",97
"4336","wheelchair",40
"4337","when",1
"4338","where",21
"4339","whine",8
"4340","whip",105
"4341","whiskey",3
"4342","whisper",8
"4343","whistle",95
"4344","white",14
"4345","who",7
"4346","whole",1
"4347","whom",9
"4348","why",4
"4349","wick",14
"4350","wicker",10
"4351","wide",17
"4352","width",2
"4353","wife",12
"4354","wild",14
"4355","wilderness",49
"4356","will",8
"4357","willing",17
"4358","willow",42
"4359","wimp",9
"4360","win",4
"4361","wind",39
"4362","winding",9
"4363","windmill",6
"4364","window",5
"4365","wine",17
"4366","wineglass",18
"4367","wing",4
"4368","wings",63
"4369","wink",5
"4370","winner",4
"4371","winter",7
"4372","wipe",71
"4373","wire",81
"4374","wisdom",7
"4375","wit",8
"4376","witch",24
"4377","with",2
"4378","without",1
"4379","wolf",3
"4380","woman",11
"4381","women",5
"4382","wonder",3
"4383","wonderful",7
"4384","wood",51
"4385","woodpecker",102
"4386","woods",113
"4387","woodwind",20
"4388","wool",64
"4389","words",27
"4390","work",11
"4391","worker",4
"4392","workout",12
"4393","world",21
"4394","worm",52
"4395","worn",3
"4396","worry",2
"4397","worse",13
"4398","worship",1
"4399","worst",15
"4400","worth",16
"4401","worthless",1
"4402","wound",23
"4403","wrap",9
"4404","wrath",5
"4405","wrench",4
"4406","wrestling",5
"4407","wrinkle",8
"4408","wrist",4
"4409","write",5
"4410","writer",29
"4411","writing",12
"4412","wrong",1
"4413","yacht",12
"4414","yam",25
"4415","yard",22
"4416","yarn",10
"4417","yawn",2
"4418","year",12
"4419","yearly",2
"4420","years",7
"4421","yell",2
"4422","yellow",54
"4423","yes",1
"4424","yolk",2
"4425","you",1
"4426","young",7
"4427","yours",10
"4428","youth",5
"4429","yummy",65
"4430","zebra",35
"4431","zero",1
"4432","zest",8
"4433","zit",32
"4434","zone",3
"4435","zoo",44
"4436","zucchini",47
